﻿<?xml version="1.0" encoding="utf-8"?>
<sports>
  <sport id="soccer" name="足球" fieldplayers="10" goalie="1" origin="英国">
    <description>足球是在两个队十一个球员之间用球形球演奏的运动。</description>
  </sport>
  <sport id="hockey" name="冰球" fieldplayers="5" goalie="1" origin="加拿大">
    <description>冰球是一项在冰上玩的团队运动, 其中溜冰者用棍子将冰球定向到对方球队的球门。</description>
  </sport>
  <sport id="basketball" name="篮球" fieldplayers="5" goalie="0" origin="美国">
    <description>篮球是一项团队运动, 其中两队的五名球员试图得分通过投掷一个球在篮球篮的顶部, 而遵循一套规则。</description>
  </sport>
</sports>
