﻿<?xml version="1.0" encoding="utf-8"?>
<sports>
  <sport id="soccer" name="Jalkapallo" fieldplayers="10" goalie="1" origin="Englanti">
    <description>Jalkapallo on urheilulaji, jossa kaksi yksitoistahenkistä joukkuetta pelaavat pallolla.</description>
  </sport>
  <sport id="hockey" name="Jääkiekko" fieldplayers="5" goalie="1" origin="Kanada">
    <description>Jääkiekko on jäällä pelattava joukkuelaji, jossa luistelijat käyttävät mailaa saadakseen kiekon vastajoukkueen maaliin.</description>
  </sport>
  <sport id="basketball" name="Koripallo" fieldplayers="5" goalie="0" origin="Yhdysvallat">
    <description>Koripallo on joukkuelaji, jossa kaksi viisihenkistä joukkuetta yrittää tehdä pisteitä heittämällä pallon korin läpi samalla noudattaen sääntöjä.</description>
  </sport>
</sports>
