﻿[
  {
    "id": "soccer",
    "name": "Jalkapallo",
    "fieldplayers": 10,
    "goalie": true,
    "origin": "Englanti",
    "description": "Jalkapallo on urheilulaji, jossa kaksi yksitoistahenkistä joukkuetta pelaavat pallolla."
  }, 
  {
    "id": "hockey",
    "name": "Jääkiekko",
    "fieldplayers": 5,
    "goalie": true,
    "origin": "Kanada",
    "description": "Jääkiekko on jäällä pelattava joukkuelaji, jossa luistelijat käyttävät mailaa saadakseen kiekon vastajoukkueen maaliin."
  }, 
  {
    "id": "basketball",
    "name": "Koripallo",
    "fieldplayers": 5,
    "goalie": false,
    "origin": "Yhdysvallat",
    "description": "Koripallo on joukkuelaji, jossa kaksi viisihenkistä joukkuetta yrittää tehdä pisteitä heittämällä pallon korin läpi samalla noudattaen sääntöjä."
  }
]