﻿[
  {
    "id": "soccer",
    "name": "Soccer",
    "fieldplayers": 10,
    "goalie": true,
    "origin": "England",
    "description": "Soccer is a sport played between two teams of eleven players with a spherical ball."
  },
  {
    "id": "hockey",
    "name": "Ice hockey",
    "fieldplayers": 5,
    "goalie": true,
    "origin": "Canada",
    "description": "Ice hockey is a team sport played on ice, in which skaters use sticks to direct a puck into the opposing team's goal."
  },
  {
    "id": "basketball",
    "name": "Basketball",
    "fieldplayers": 5,
    "goalie": false,
    "origin": "United States",
    "description": "Basketball is a team sport in which two teams of five players try to score points by throwing a ball through the top of a basketball hoop while following a set of rules."
  }
]